movieId,title,rating,predictedRating
4,Mufasa: The Lion King,6,3.0577238977396086
7,Werewolves,7,6.999999999999998
8,Flow,9,8.333333333333336
8,Flow,9,9.333333333333336
6,Gladiator II,7,5.333333333333331
1,Venom: The Last Dance,7,5.592184251407186
8,Flow,9,9.333333333333336
6,Gladiator II,4,5.333333333333331
6,Gladiator II,3,3.3333333333333295
2,Kraven the Hunter,7,7.687193710674158
10,Moana 2,1,1.0000000000000036
